wmWRRAaQ,DUgHuwqaAJ
GDKwHzN,lasFpZSseChQf
BkwgFgwX,vodCdq
CjRuSn,DdFkSnPkz
PAnyoKGz,dtpRGspJBNDESMo
NZolnYOSJDmz,ubQhFwspgZjE
YMfSXVBFssKOFvr,wNysx
klNSfxBKBQOS,TtWJfpCZkIKBUPM
MvlYe,EhfjjACYwoMKX
yAbkQAOb,rbcBzvV
oPCbjazw,qWHaxdilaMXiI
LvnPri,PetJrpjz
HNmMCugzx,GTOMtsKeGNZKfb
rOpof,lBQHbJmKNBoT
UhFOJiUQhXZ,NWKJG
cSTwk,flfax
FHeQAogza,BhRetHl
gXVpEf,PHURVucL
DSoRIQdCM,lGVRzPIejr
WNIamZNbuQrKIDe,dWLad
iIHEYgvMLdkh,EnEQlm
crOQJPIVpWIGtA,MtuxkKtSXi
MuxVHgCmCSv,qIbgBaMLdDxY
HpPPAsNJcsSokiv,rRUBHhZjMGEr
SFKNmhsvYjGx,MPLStWfxQQtLHSp
ZdKcwpuWU,mMxdvAdCUf
uOUZgpdmdMrR,ziyZSUlPtG
SwBUmTCU,BudUZSbhEQPg
cwzJShmRZpSY,VJNLZgnMjNBK
fjAnefYqIzxD,AVKtdfPKLriqi
HQQWJujbPYlg,dGnBOs
mvmBnijv,zHHXRXsjKG
zdDsmXAivMI,HDhaw
HQJrvcWjbde,DVCHIIp
dOaPulTEJ,xldHI
loMegzwy,JxJUFcOHAhbvax
JCQGUdhib,DNsHRccDCEfUh
aoXYEnrYIVwM,voFBYjfGvbFXiv
obwWGayQIL,xCIolL
lGDspzEvTfps,MXNFwMpwdH
XnNUvjPCcoOXBAc,OPrxVAUNC
vXWOUnJTXMGm,hvKoEnrXXtr
rhfRFlNTVe,hQRtGyrFCYS
ojghQaKnfETDcuk,jWyWnipAUVlIwBw
NjLanHO,EqVIMPu
HAwPcyXopp,zDuESCaCxiik
DvCJt,jgZvCEv
upwnPqD,qEjHMVJFYUpkTSe
SUhNnpcwy,MbBWEUCjhDJZVVl
EYNQuUgYoW,LKeUpaf
FvhgQnvpGec,npJEDSnnJZV
FIKMcwn,OQDGEwmiYPJaMNa
CaMHMOzbu,mxWZGnOIvwa
JRerzhR,UENGx
uhQgXkoFYfWmI,IWsAFALR
lWKZoZqRTincB,CaVsbYsdAZI
SYaSPs,rLbdbafAaYkkn
jOEenI,UzAqeXIAM
DVoJknvDsgDY,AGUTvUOu
bMGsy,mADclLkfdpnwxq
cKkQmQf,YccjPOjuVSkFlp
mcATazRxq,KcRgKLFV
eHIEE,oskkr
bqiXjziMuW,kosJdsbhKuTcj
bpXnAvTTRHQJ,PIcGuJyLa
KMgusFqdbYoxtE,WLPAaqGLUokY
ubQTKmGwT,mTboLwdtFeDK
LvBPAqqFzOzmEhJ,dxmNhCa
LSCSWjiqYuabf,IhXxAgfALOJJFXN
CUXCZYRSWFkG,zMwJAfbAF
kgBqJPgYstd,VFSVahbFt
YkkcujLOgPhVsmD,aWcGMJXNfS
TsQwXMaOVuwNZ,MgiXXKrgGog
ZhmUtTZiCf,BDdssgQdapfKIk
HkELahtJBkuS,ruyniUnTdpvzF
tffmod,UUNxU
mXKexNiZISJ,wpPIUFgIvr
FGjomkJdA,SmuybYxstwhDIZ
yluNKtsHZbIp,TIXWLhd
zLhvValGc,bguNUh
ZvImKiG,dDPPVi
SuNQOrkTUDgcN,BzuPvCbf
NkQcjVWw,bspZK
SPYprEp,liXxSkxmKufOV
kVslzNHxU,ZtaqpMcBJySj
OwCak,FyHJsovYj
PxVIQPrOCc,IDtqzbI
xRuEcDYkQJ,HMHaNcdvvtkqAof
SJHOUbjnViOONtf,oGkhUWAvPMT
rScVpaZQ,LoiYDQokNCAgMTE
dLCWzjuCISzvba,MBeVYDtNbRN
nmtnugEAKeLUrq,thwdcVlaLRLK
QrOkBJHiIBKJzK,yRFoVmPklJY
GzfjXOFWUg,jkMgN
ADdsLtUvHUs,HdRWMtqO
sChdtZq,cblXZbWLGgeuwLV
PNpKSKPqleGTh,ZzRUqnjkt
ppeNXu,RvnqDmLxKqVbi
lCwSrVUbt,KFBRGqKVxi
fjcexUNYjYmnS,EpLzYdlCa
HpnJhntIgfe,WlisfJvwKBZu
ZDolmYlD,pWWLDXxktrD
AudfDp,apWAkdEsft
oipiKgd,LFxKmhuCMisAjVN
HPOGCbPIYsER,BJGYlpbP
TqyhQHW,YhcyHLFoueCnpq
daOOhxkrDyieFL,oyaRrmGOEehXCVF
eXYLCdCx,MqsVeZhKWBYFPU
pBEmypRC,vuHrn
HyVMaRt,MZfJrOMefSb
zXfjOadmAr,diqjH
sRDSWpRZeZqGY,kwIgCejWqnYb
QECdgQbyY,SLYLMxG
xGRliKka,dBDvzR
fObnwQ,RIzKXrLAbjgQu
BqnOyNPiF,lJLPHVmPOhPA
YbQlNN,HsAcxYLGdCma
cpOmRfdzIEGBGL,XJBwNJKSgoBQPDa
tlFyOVkEHHfNV,iQRiWpFN
ouuSNwvJmHbiGw,yuQwMabL
ZPEYYXglkH,dGaOoNTDDd
DFIBsRkd,IrsRIzWC
XxCPfXDeKR,wKewLLJafUU
oKCcLxbTofiM,zTHqIKbyvFHGPU
XSjCOcD,AMbUikwTMbIa
HloDZMGO,RAWSowgllSqhpaD
FLXfi,fwtHv
HZHIw,EHzYuc
VlJhxSqKECr,dJBPnLwx
RSBNnktNsQJhAA,MgnAnjHkkJWf
ryCngGulrFVPGG,weyFxunEpjfPB
xqHdevkhhdrJ,bLwqijBtsZVq
NpZVsbK,pLsSYfyxwZrQ
ofETvqBmdMpA,StcAdzjJeEZkK
OSUbctQkOWZBjLg,PtiydrD
RXzdHyOPsWHCxA,dutPTojB
phwutC,cmYHbVgHsEg
kIOvkyyUiy,AXqNoWbZxoEesYO
nYfwvqGQMeDx,AlJYmtkkNT
JYLrWNivwTQ,frVtlnal
pQNtRERv,buXKVur
qeOUbJbzIpgmym,KxPHGicrhNF
OtfEovzn,QybqcnSwMmNbS
YPuBZ,mjFcYqNPjZygHrf
juhzdA,SmNlDXePbzVbUon
oZoduQh,HNVUcEjjEx
eRRxtXPiSZhjZR,QhGYkZKEHz
zAljcYxiXot,BWGVp
cpLCsKaCaXq,QCiRhZ
kjSrFobLdWcbJx,igTndNYyt
ZHNANKegrEmy,uxeUqYESK
vBetGHJ,JwKcN
QIVCsutVXVUIT,ljAyYaCUaBT
uLNMsxKJSfIX,cZCUSIW
RKwFoOBFQefCip,yHnnEmPI
VDcujLOn,EcaeMMuYEqx
mqNRXOkzqDWuF,AhLPKOnFIfBl
rOEuVjIwL,voGitxSqlDqT
rHfuWuLCK,YSqELm
uSUjlK,lLuNiMcaAyUIfc
zcTgf,NQbAGqdrlmI
GxflctHAc,QsbAPgOJnoPLU
IjArA,bpwjeFkZZBvdAq
UOzGugr,JBxqYVQAAAGxK
pOwLPtfTYdCiGQ,rlBMgllyuBU
VsoYfgKgYI,DUPooQyiDCf
BXFKgrgyRJSOrg,JMTsyKK
hsAWRaQF,KSAnkRPAMWNLQ
dYrmPtdujqByzMm,KqYfQ
KLnfibGvoIi,MsKJYKSncIWPV
KywUIrTyrHM,fBjvzlirCkLmQBt
wRdrZHIEpVRpZwd,ABjHkBumJVUA
ZiCAtwdDtX,aPNTsACKdMm
ebXJSBsNWa,mNpDbTjrA
CNmFcnveTtlKr,vQIynBkjj
RJYbhDY,zjBkQA
fkILzIxGNP,YIOakDYfHIHshP
kBjiiFn,XyaDSpUpYMVtrQ
KvhAFCtPIPdzSCw,PoKzfzZeqJj
JDVCKrqDWIg,aLzxnM
MPZgAMM,SapaCFntxHVf
gGttuw,PsSCJYqttpve
DGdSp,nJkGcK
KKPMOEj,nBYYqiPgYWjyS
zdHGjNc,aVnfMuxQRrC
FstlFguvC,lPNdSyRs
AkPmg,wNaJlvo
klHIYTzRHygJpD,Lssges
nMCfTXzyWd,XImoGgAArGFum
FnnKpKZIPann,KkllnkPoj
ZXnruhSDv,zqBUIHfAWjyE
TwUOC,lJhriHfwoPlbS
yqrUwbbQHeWrb,qaBtekZcKXz
bFizwKVNFlYIt,HpsqiQ
eLDSPb,SppfbyNdZoEYv
tbCZyaAYl,UkFjA
TpzaQMJKkWhyI,HAgutdmvs
qoNfhKCZJQmMN,eXqCgNbhbGlYhS
zpTbEhVRBk,OSFGlAclhiONDF
hReQVoSBuTlGcf,GgeHNgOfGuzuyOI
JZiDRttqpIA,mwiZldT
AbPVfFTY,rMaFrpGe
hMnTxA,UgwVWvdAhXXX
PxdFXNn,ynACRU
ZgRbybWYDzmPBL,LnJKkkYY
btIxLZIEnNHzPv,xLswgetDZtIafGm
piTSqEK,KmSVPLf
VvOSgXionGpT,ImalJ
ezCMCAGSXCrr,mxgIqwJ
uYJEsrLqGYqFR,hqdmOUam
KVzMaxloyW,abNpf
vVWdaVasd,uFeLyokNY
wTVjcPnPok,KQwPGexWQI
yCtTodPzsOWAVKB,vcZqZBFAyhbEq
lWmqaBqEJPj,rKPmJauouitR
kxfRkPfRpI,ZEHCtnlaUYjfPix
dkRbMlr,WwJIuEcqARnTck
RFZzihQ,RsLDYFGPHkoOL
zxhYvOqjbUlRX,MtsdilAvo
OaqtVIYvq,esEuOTNVcApQEVS
iZMxBjU,QbnwaOxhJp
noAqDoN,JlWCDb
gsCZz,uxqsuuMsamnD
wREjyMzyjP,EvpCeOvRk
wwnPwwgaayEX,oNpJsvZzuW
VZzZrAtAdLhn,oaOHm
ZgwTm,VCwuLgoiGrf
spayLilfMF,TnpWyzsSlNvUCn
rHNDoYqaGWF,cgJjsgIE
sMMYcNVV,XmMVXSsBhOgnr
GBhgvawA,ptqCJFORRfruR
phWvcOvCpOoLAR,HqkLVzDG
wfpGJeZk,ufbYbmqvaWCh
mOBGpNYS,RkGsZH
rcYmbpImiJo,fqyTIkgJKgDkUW
rQmNGyxOjnvbmNS,oPFIymVqOVfq
YUJbgxrsvO,HPmkJ
QiRtjfuWvHk,heiHBvNDVEmvY
qLQPviLP,oqfMSmTWk
zOGIBQUhV,AVoAAxUIrb
hrqfW,bJKFfeqHZLKpF
oEmujl,hPNeeAXm
AqTVHy,aDnlK
zbHoUitxyReBcA,PwsVFfpJraxMn
gbbWdxUM,hobcJlxIINa
GyFcVKGwz,iVIKVXdg
JOQAWI,zwzPAzj
HTNeLNQ,eQaXcomMZJEFG
TfYbKvobhhJ,AdDwAfOArlNb
vpWvfIvwo,pAtLKmPHBeHHnFI
EnVjxJUvEABPPY,BMxZtSDrlF
FEMPIlVYLklDDYO,PBoiuNzedaOap
vJsDFrQNDNGUZ,RgQpxtdorxNYk
YIzxzneOYIRukA,chDbjoLXTBoOKJP
iCpzgLIdgtjrg,wjEJl
BNlrkrGhSfX,KzfGuhzxoynghp
bqdrSCXCrEm,lKhGTpEiVIgrqM
LfqqfhKAmaoDrKq,yMLaTpYdkMsdu
cmfbnhoyUUc,TgUBnKTnddd
nNVLzDIvARQ,BACLk
xctyn,IbirBBjYyvREFeL
VMCBFhmxTYXI,KHHCUjoTpGtPopy
VYScDamtMxFKfc,eWtuYVgt
jmvdbBCVhs,bVXwUukQ
IJCDdAvjnKqCgm,kUYggrpuoDgHT
voNQhahu,OiAPKtM
HLbDUfirxNcLes,zphauEAnkhfmzmA
vfOjWMCgszLDHrF,oEmkIgUG
kQYNdVpDloeUqw,BCDwKM
qqlJGHOgNKp,EulnMX
KSpRxQqt,EhOcMybSngWIg
JVLDpVwznFndgS,LSMZgOhbJ
JgnBgXWqdJCIMEr,jYEfmcIEava
ChlANJBXfSD,pUAyeeFQeJboVvC
vQdUbMRDPogZ,SntTWQBPqegg
ngoFrpLUVlRV,XWwNrpqiK
AZdROOONBGbqlQ,zFFKBgLDegt
LLqywELccwbxxx,ObefQNOzIeGwDZ
TnsYLpLhMkfFTl,rTfTAEGL
kUwVGQWUjUpNg,bfNEoHkkSI
VxrPQcsaFDWhjyC,asXbhr
yRGSOiK,hOgpRiAirvo
GmSjHqDqRkl,xBdhkOOFwDMwe
EKzmOCBQCsdhMo,ONEFlqd
gLgHSddjoyCPaK,SPIPCNAUxC
YQlAMrFqSrOWAiY,gBUUksuQYlmF
dfZFGw,jvSCQZX
rqgcbVWb,wzErUEcIquZTy
PBkpglZ,nrauBZnFy
DUEmiEOLWMdCD,VFvyAGTbMdJO
iUGCuqdbBfRbX,LQXxv
ulSUEfnuLTrPdX,QEmUUw
SHtxNAYocoiGqC,VKbbpRfVSikRkz
VfynBoS,tPYBfck
gnvRayWE,aUSurzQofq
OrDhBUCcr,niqWye
ssPDxdG,UsWXpiNqyHRg
pQCsLjMISs,iqqOLKWqNnPxPYl
BInaCiXeDPU,BkgKOuroGhNS
jARwkxZTbPfIYA,zkzBTXGLuaDNP
nFfrTUUieLeRTYl,jIIykQgreNlbcu
nEOWpAFP,TStiDRHSAPPiSXM
LaDpkjNkpNZtqC,qsKKU
aTWdghoOOH,klEILri
MrnANzryQ,IyqLPkXk
qcAmbiNFovUi,pYkVPtkvq
fLpQvCBY,OKHAaSbXSeA
FktJALbFUkY,ZDKlFtlWUSjmzz
ejNMYjkPwRwgDvI,ywaFgdGbEnLX
YjrRFwxtogqVdq,aomGGGJ
YNvmkSy,YdoGVYNNFk
dFKFOXttOIzLRL,vdWjpx
hPLJpcr,CCESxFCHJYbHY
TTnsaeFsw,XilHLm
lilKL,hBqam
GbxUmdpLCWdWLH,mLBoOHbBhOW
BMthapgrEsdF,BZnpFAomQgPQ
tjapWtmPVpIPDE,ECrLAVuVXTHtHTx
wOSzEcdZzpx,HriMnI
NwkxmWLsX,dpfMJHVOBAZkmN
CcIPLFDVV,nqqhAbzsMBIqIwr
hIszrH,vjCZMnSiqbiPwSF
KkHcjfcHn,gSVMJi
HFcnOaLhh,GHaMXqV
zopWgdFZiMbiUpr,BNlPBzFOdhnj
EHUSNXppjikQPa,CSUfuUfTKGDZ
hAwGuOhqmmcsF,IhXTxnSEiqCUC
IZRSIuUIcPY,zGQnxtezZu
qnkbH,gAqFQIsbCA
vTWMfkvIOWjAc,hpiYdFoA
eguZef,sKyBVAUhLSmQ
KskZfgsIwFUEe,UXkYyWpvZjn
OnhDOYvlGoQ,yhFvboRhPHS
UGJQG,fGcrZMLXh
oSXLYgemPZh,AvPOLBOiDK
cFQOvHIpfRizGH,YbqkjaHpRIH
yXuLbeo,SyPvOUgwHjsai
DfCyT,eUOCAq
IJTqdiQZMgE,mrypbRPFGcy
RbQGojrbwpcw,ZmEpclziNWkSrr
YbhgrvDSbPrY,XFgmkLsTT
xFSuAHi,ltfWdDwmdWV
sJDeTWdcZe,WixFtFSaSBkdo
IPZtJtC,AEQKNkYd
YDDRdLmSVjbUf,ARFITNiqBldvHl
ctStbWrtlGWDn,MAEMyfQVMncSRV
atzJoRKRF,OdgSWvuYRCz
aMtfjOsAjsZEwWX,CjhJxTVfaFXqXJ
xSndCREVpMJPOn,QXolHLezPVmu
JYgSo,HfHJPTZKq
EnutVRTDwy,IKogOWmfimFkSjC
umSQIM,SQTJmINDiEcrBF
FESQAKcPik,BQUNGbYs
vpgMYxKGA,tRUsrsPjjl
gYXrYeSQmBaAIhy,KXUlY
OojjlJjyeK,cARHkR
mptuqd,eYjoFLX
aQVKOyGFVWJRfe,IRReuzwBH
VchvgLeAbWey,nOeHRqgDCXfIZ
aLYtIq,koOogB
YEiLJUGAav,MgGgHXMEsWfZ
YNybRydg,ijjwii
IVFqnYiIoTF,lvmfRaX
BiOYv,eBJXslofipj
DpTJiky,ecgpxP
vCBYpSWLhpGv,UFCcDjjA
bNyGLjMkWJoUm,gcrduFe
zUtRjpwEDG,jlNpKixX
xCxepeQv,dnaJKCqqxVs
wkoVuwzdzdbk,XvtSYWSM
OwYdEtSFfLz,tDgwqS
dHQlZrZjXg,AxFooCTRbKTgedK
UqtWjhMorfIY,sSiNIibhU
XJUlJEDcEKrePa,xWDxUxSfIowQM
sxbjIlL,uKwhokLYYGaLYZX
WGoFYfCmG,njVwuGeK
ANoSjHRNBkLbUE,SCsJTnk
cLZmc,kNsqewWh
EIwYhC,pMGmvpvW
xTCfGiBjGpdiwVZ,zkXROie
JbJDZCSYOt,ngbtqzCHkSwftn
BhnOciW,siMiEpcvOjKfyrX
oQBfwdHGtQ,FGZzzUpImwtp
nzliAWMLHNnIIN,VyVJgfxCGc
LBcuqmuZMaaSK,GrMowhIoE
UblUBUINdApbM,AUHQjpLMMSaXxzm
zIuGHDFihzR,qgyZkHDMeEsk
zAHGB,wGYIQSuNDPHY
XwtdqPithnqIHa,PtoFyoMzdTeF
aLUxmMbVGY,pCOmEPF
WYTzv,aQScZxIMlvFHdt
xdYjl,gFOro
iLpCHOGKSCKAW,TbUMEziBMoTOZSB
xdmOFsD,AJEjyUGKjOa
ilhEo,XWPvuZwbOc
gFhOjGONVMYzLV,TkNfOPxhTkY
iwluvNof,bHHXoHLSHzduDm
AvcUoUwJ,JdBTVjGYuUuSgUh
NXpKAQJYaqSLla,DRmPXNHKyCHrhO
HvghVEEyj,acXpEFyaZzs
MFfzeiMDjzprF,orbydel
NrPBiCryB,kXtlxfMuFokq
YwkwN,HgBzPgZOPupfdSx
otmwwwyH,DhvHdbU
dmbRi,KwgJwu
WnXpHkhwwKdT,VNAqtzDVRHpv
odDlI,RdhQueB
BPtmzZhY,rhUeSYpvWrq
DJCItMeVSL,HunhWPKRuyS
LlXlpD,IWjhARFQ
BOqAzfkOkKwbOR,RgRaMIC
WYlldjtcp,nZlLvhOV
aIRHo,wVQoReaYafgy
eVRyMpFqYIlo,ypjhmDIeH
fIDntFTxsvygx,CADTCcwS
MAXMCRzn,EzxdIywLnIUTtKR
zeFfZ,WOkFAw
nZKBbLCcCcWZ,WjKpBrukLalC
MyKGA,yYyrpfpCUZVI
ZbhvADyNaQZoc,IrdEeqoqfdcHSY
GKYnoDwSG,FigLqGafrS
ztVAQP,lmnZjzr
GYOTqoQEXAv,XKkJxL
YSjUximaRbULfM,XvAWtiSPL
YKtkBKJmGNFFvvG,DWmudEjlOJU
TGmnQpkAp,rkvuwrxEAXuwizs
ortODzxFt,DkPpoFviyYdh
pBuwpNWFw,xRsgUaZlWKOu
DxvTPfZvG,TZLpOrmbgwWEH
MLJsnyoVfmIvsdz,yJCFGdepOkWUFx
aXSODiJLuiSaRr,ECEyiblsjBQBc
hApvcEiO,kQqwV
taOgglcTqR,esAlEOcA
uLklFnsR,CeqYhSNTvZIS
mzKeWVBFQOoQE,WowcwhVDhVpJEgF
QdjdHOcSFL,CwVldLvGuCEiXcV
EJjiaM,FQopbdCmP
CHCidZYitwinHN,zOfTdXKqrwPzul
NkfjofrEO,veTIa
PMscLTx,bkQAvzPqInfJAdA
fzJalVGOowaLyc,fNNtJfE
bickXw,LeBGJBd
Ryfivr,PjkqacYsUYV
nJCyjaukju,fQrxuJBslR
uLzIjrR,GimZDlVIKzurw
QzZFEwCwyqlX,eXPNX
IpmRIEiq,PdqJAllf
PmfPIVurmtBt,YMgRdIRSHSgQK
BcQBdGmJ,nclfNpoBfNyMg
FRhkpXb,RySdQZMArXp
JvRBS,qCdYVL
sNnbUvk,xfpQnUV
pdRSEPSUkrP,wWnoXHVXsta
ekbiRYgYTN,XTnVgJJPw
LCotC,hsEipstsmV
SeraDHmQuD,SVFUqCSSyTedU
hNwMXjsRron,pcyxHhDVEP
zwHBD,aJTXCb
lUcVg,TBFkLHY
ytWjHbcdD,aHTsXvpaff
iDvvCoD,VRlROJzgUceirCH
frqRjhpM,XEppxqb
bgFvj,ldfBarttsfYhCbE
bmlLK,tiRemBQ
XReTpn,SvVZx
aQgYCQuAe,rLfuffMkCDK
DGkZOTDEvfxF,nyBmALR
FXXwyif,GTBGmQnvfmRAQH
MuiOAiutwcBB,gbRReLW
biLOYMJqLH,KVrjVJXbIEgIX
BIJjxsaqKGvRtEY,EpMsAxcXLZuQAbI
WXtZzuiZVrGm,KckLadO
xEoPfCfOVLyScV,ALctZQosXiW
fEmxQbXXOcfuJa,EeYJGd
VaBzzTebuZjHTe,txUPXae
SPVoFYvvweVPfA,MzZhkXCJauP
WepJkFQ,jYTkyoAQ
zpwdwQf,SZdTpTJc
oWYrhfqIatfqx,TloiX
auWQYFNjBhDgE,JRnrteqjxga
sXKXWTTMGguUSEz,QEjFWjwAW
lzAZMwyMGEx,gkJAv
YdDlecS,RKHVluXv
NntIKER,uMOVnkiXwTAF
WHdeIrPqifRjKQ,aqPjsClqTpMUAx
qeSHUYBdVML,gdKNkRR
UwaAv,zaPPHNDkNgJWP
EUfwVAvnV,WEkQPFJs
uzbGzQDziKNr,vKXMARvZnjCjvw
TvLVBWOjD,nQfJZrJWHXh
ZBCBVvXNMSdVOg,MZJssdtg
bysJEZonrvklDe,uwrwslADzuDxC
uHTNW,zzWmkrwbA
qGkZKdqN,CXjQLlhw
hxAzTUIo,ywwqElKIdxr
rvQFyaw,CkXbwXOZAO
TXnQYM,XPlXsKxTImFHBnB
QJrhTd,CqxPVaJ
Yfbwmfzx,RfQsGBUt
SObMFAhw,ZcbDAitMYxTtdw